<?xml version="1.0" encoding="utf-8"?>
<ArrayOfYafHelpNavigation xmlns:xsd="http://www.w3.org/2001/XMLSchema" xmlns:xsi="http://www.w3.org/2001/XMLSchema-instance">
  <YafHelpNavigation>
    <HelpCategory>GENERALTOPICS</HelpCategory>
    <HelpPages>
      <YafHelpNavigationPage>
        <HelpPage>FORUMS</HelpPage>
      </YafHelpNavigationPage>
      <YafHelpNavigationPage>
        <HelpPage>REGISTRATION</HelpPage>
      </YafHelpNavigationPage>
      <YafHelpNavigationPage>
        <HelpPage>SEARCHING</HelpPage>
      </YafHelpNavigationPage>
      <YafHelpNavigationPage>
        <HelpPage>ANOUNCE</HelpPage>
      </YafHelpNavigationPage>
      <YafHelpNavigationPage>
        <HelpPage>DISPLAY</HelpPage>
      </YafHelpNavigationPage>
      <YafHelpNavigationPage>
        <HelpPage>NEWPOSTS</HelpPage>
      </YafHelpNavigationPage>
      <YafHelpNavigationPage>
        <HelpPage>THREADOPT</HelpPage>
      </YafHelpNavigationPage>
      <YafHelpNavigationPage>
        <HelpPage>RECOVER</HelpPage>
      </YafHelpNavigationPage>
      <YafHelpNavigationPage>
        <HelpPage>MEMBERSLIST</HelpPage>
      </YafHelpNavigationPage>
      <YafHelpNavigationPage>
        <HelpPage>POPUPS</HelpPage>
      </YafHelpNavigationPage>
      <YafHelpNavigationPage>
        <HelpPage>PM</HelpPage>
      </YafHelpNavigationPage>
      <YafHelpNavigationPage>
        <HelpPage>RSS</HelpPage>
      </YafHelpNavigationPage>
    </HelpPages>
  </YafHelpNavigation>
  <YafHelpNavigation>
    <HelpCategory>PROFILETOPICS</HelpCategory>
    <HelpPages>
      <YafHelpNavigationPage>
        <HelpPage>MYSETTINGS</HelpPage>
      </YafHelpNavigationPage>
      <YafHelpNavigationPage>
        <HelpPage>MESSENGER</HelpPage>
      </YafHelpNavigationPage>
      <YafHelpNavigationPage>
        <HelpPage>PUBLICPROFILE</HelpPage>
      </YafHelpNavigationPage>
      <YafHelpNavigationPage>
        <HelpPage>EDITPROFILE</HelpPage>
      </YafHelpNavigationPage>
      <YafHelpNavigationPage>
        <HelpPage>THANKS</HelpPage>
      </YafHelpNavigationPage>
      <YafHelpNavigationPage>
        <HelpPage>BUDDIES</HelpPage>
      </YafHelpNavigationPage>
      <YafHelpNavigationPage>
        <HelpPage>MYALBUMS</HelpPage>
      </YafHelpNavigationPage>
      <YafHelpNavigationPage>
        <HelpPage>MYPICS</HelpPage>
      </YafHelpNavigationPage>
      <YafHelpNavigationPage>
        <HelpPage>MAILSETTINGS</HelpPage>
      </YafHelpNavigationPage>
      <YafHelpNavigationPage>
        <HelpPage>SUBSCRIPTIONS</HelpPage>
      </YafHelpNavigationPage>
    </HelpPages>
  </YafHelpNavigation>
  <YafHelpNavigation>
    <HelpCategory>READPOSTTOPICS</HelpCategory>
    <HelpPages>
      <YafHelpNavigationPage>
        <HelpPage>POSTING</HelpPage>
      </YafHelpNavigationPage>
      <YafHelpNavigationPage>
        <HelpPage>REPLYING</HelpPage>
      </YafHelpNavigationPage>
      <YafHelpNavigationPage>
        <HelpPage>EDITDELETE</HelpPage>
      </YafHelpNavigationPage>
      <YafHelpNavigationPage>
        <HelpPage>POLLS</HelpPage>
      </YafHelpNavigationPage>
      <YafHelpNavigationPage>
        <HelpPage>ATTACHMENTS</HelpPage>
      </YafHelpNavigationPage>
      <YafHelpNavigationPage>
        <HelpPage>SMILIES</HelpPage>
      </YafHelpNavigationPage>
	  <YafHelpNavigationPage>
        <HelpPage>BBCODES</HelpPage>
      </YafHelpNavigationPage>
      <YafHelpNavigationPage>
        <HelpPage>MODSADMINS</HelpPage>
      </YafHelpNavigationPage>
    </HelpPages>
  </YafHelpNavigation>
</ArrayOfYafHelpNavigation>